rs6413432,rs780094,rs738409,rs3813867,rs1260326,Gender,Hedef
TT,GG,GG,GG,CT,M,H
TT,GG,CC,GG,CT,F,H
TT,GG,CC,GG,TT,F,H
TT,GG,CC,GG,TT,F,H
TT,GG,GG,GG,TT,F,H
TT,GG,GG,GG,TT,M,H
TT,GG,GG,GG,CT,M,H
TT,GG,CC,GG,CT,F,H
TT,GG,CC,GG,TT,M,H
TT,GG,GG,GG,CT,M,H
TA,GG,CG,GG,CT,F,H
TT,GG,CC,GG,CT,M,H
TT,GG,GG,GG,TT,M,H
TT,GG,GG,GG,CT,M,H
TT,GG,CC,GG,CT,F,H
TT,GG,GG,GG,CT,F,H
TT,GG,CG,GG,CT,F,H
TA,GG,CG,GG,CT,F,H
TT,GG,CG,GG,CT,F,H
TT,GG,CG,GG,CT,M,H
TA,GG,CC,GC,TT,M,H
TT,GG,CC,GG,CT,M,H
TA,GG,GG,GG,TT,M,H
TA,GG,CC,GG,TT,F,H
TA,GG,GG,GG,CT,F,H
TA,GG,CC,GC,TT,M,H
TA,GA,CC,GG,TT,F,H
TA,GG,GG,GG,CT,F,H
TT,GG,GG,GG,CT,M,H
TT,GG,GG,GG,CT,F,H
TA,GG,CG,GG,CT,F,H
TA,GG,GG,GG,CC,F,H
TT,GG,CC,GG,CT,M,H
TT,GG,GG,GG,CT,F,H
TT,GG,GG,GG,CT,M,H
TT,GG,GG,GG,CC,M,H
TT,GG,GG,GG,CT,F,H
TT,GG,CC,GG,TT,M,H
TT,GG,CC,GG,TT,M,H
TT,GG,CC,GG,CT,M,H
TT,GG,GG,GC,CT,M,H
TA,GG,CC,GC,CT,M,H
TT,GG,GG,GG,CT,M,H
TT,GG,CC,GG,TT,F,H
TT,GG,CG,GG,CC,F,H
TT,AA,CG,GG,CT,M,H
TT,GG,CG,GG,CT,F,H
TT,GG,GG,GG,CT,M,H
TT,AA,GG,GG,CC,F,H
TT,GG,GG,GG,TT,F,H
TT,GG,CG,GG,CT,F,H
TT,GG,CC,GG,TT,M,H
TA,AA,CG,GG,TT,M,H
TT,GG,GG,GG,CC,F,H
TA,GG,CC,GG,CT,F,H
TA,GG,CG,GG,TT,M,H
TT,GG,GG,GG,CT,M,H
TT,GG,GG,GG,CT,F,H
TT,GG,GG,GG,CT,F,H
TA,GG,CC,GC,CT,M,H
TA,GG,GG,GG,CC,M,H
TA,GG,GG,GG,TT,F,H
TT,GG,GG,GG,CT,F,H
TT,GG,CC,GG,TT,M,H
TT,GG,CC,GG,TT,F,H
TT,GG,CG,GG,TT,F,H
TT,GG,CC,GG,TT,F,H
TT,GG,GG,GG,TT,M,H
TT,GG,CG,GG,TT,M,H
TT,GG,CC,GG,CT,F,H
TA,GG,GG,GG,CC,M,H
TT,GG,CC,GG,CT,M,H
TT,GG,GG,GG,TT,F,H
TA,GG,CC,GG,TT,M,H
TA,GG,CG,GG,CC,F,H
TT,GG,CC,GG,TT,M,H
TT,GA,GG,GG,CT,F,H
TT,GG,CG,GG,CT,M,H
TT,GG,CC,GG,TT,F,H
TT,GG,GG,GG,TT,M,H
TT,GG,CC,GG,CT,M,H
TT,GG,CC,GG,CT,M,H
TT,GG,GG,GG,TT,F,H
TA,GG,GG,GG,CT,M,H
TT,GG,CC,GG,TT,F,H
TA,GG,GG,GG,CT,M,H
TT,GG,CG,GG,TT,F,H
TT,AA,GG,GG,TT,M,H
TT,GG,CC,GG,CT,F,H
TT,GG,CG,GG,CT,M,H
TT,GG,CG,GG,CT,M,H
TT,GG,CG,GG,CT,F,H
TT,GG,GG,GG,CC,F,H
TT,GG,CC,GG,CT,M,H
TT,GG,CG,GG,CT,M,H
TT,GG,CC,GG,CT,M,H
TT,GG,GG,GG,CT,M,H
TA,GG,GG,GG,CT,F,H
TT,GG,GG,GG,TT,F,H
TT,GG,GG,GG,TT,F,H
TT,GG,CC,GG,CT,M,H
TT,GG,GG,GG,CT,M,H
TT,GG,CC,GG,CT,M,H
TT,GG,GG,GG,CT,F,H
TA,GG,CG,GG,TT,F,H
TA,GG,CC,GG,CC,M,H
TA,GG,GG,GG,TT,F,H
TT,GG,CC,GG,CC,M,H
TT,GG,CG,GG,CT,F,H
TT,GG,GG,GG,CT,F,H
TT,GG,GG,GG,CT,M,H
TT,GG,CG,GG,CT,M,H
TT,GG,CC,GG,CT,F,H
TT,GG,GG,GG,CC,M,H
TT,GG,CG,GG,CT,F,H
TT,GG,GG,GG,TT,M,H
TT,GG,CG,GG,CT,M,H
TT,GG,CG,GG,TT,M,H
TT,GG,CC,GG,TT,M,H
TT,GG,GG,GG,TT,M,H
TT,GG,GG,GG,CC,F,H
TT,GG,CG,GG,CC,F,H
TT,GG,GG,GG,CT,F,H
TA,GG,GG,GG,CC,F,H
TA,GG,GG,GG,TT,M,H
TT,GG,CG,GG,TT,F,H
TT,GG,CG,GG,TT,F,H
TT,GG,CG,GG,CC,F,H
TT,GG,GG,GG,TT,M,H
TT,GG,CC,GG,TT,M,H
TT,GG,CC,GG,TT,F,H
TT,GG,CC,GG,TT,F,H
TA,GG,CG,GG,CC,F,H
TT,GG,CC,GG,TT,F,H
TT,GG,CG,GG,CT,F,H
TT,GG,CC,GG,CT,F,H
TT,GG,CG,GG,CC,F,H
TT,GG,CG,GG,TT,M,H
TT,GG,CC,GG,TT,F,H
TT,GG,CG,GG,TT,F,H
TT,GG,CC,GG,CT,M,H
TT,GG,CC,GG,CT,M,H
TT,GG,GG,GG,TT,M,H
TT,GG,CG,GG,CT,F,H
TT,GG,CC,GG,TT,F,H
TT,GG,CC,GG,TT,M,H
TT,GG,CC,GG,CC,F,H
TT,GG,CG,GG,CT,M,H
TT,GG,CG,GG,TT,F,H
TT,GG,CG,GG,TT,M,H
TT,GG,GG,GG,TT,F,H
TT,GG,CG,GG,TT,M,H
TT,GG,CC,GG,TT,M,H
TT,GG,CG,GG,TT,F,H
TT,GG,CG,GG,TT,M,H
AA,GG,CC,GG,CC,F,H
TT,GG,CG,GG,CC,F,H
TT,GG,CG,GG,CT,M,H
TT,GG,CC,GC,CT,M,H
AA,GG,CG,GG,CC,F,H
TT,GG,CG,GG,CC,F,H
TA,GG,CG,GG,TT,M,H
TT,GG,CC,GG,CT,M,H
TT,GG,CC,GG,CT,F,H
TT,GG,GG,GG,CT,F,H
TT,GG,CC,GG,TT,F,H
TT,GG,CC,GG,TT,M,H
TT,GG,CG,GG,CT,F,H
TT,GG,CC,GG,TT,F,H
TT,GG,CG,GG,CT,F,H
TT,GG,CC,GG,CT,M,H
TT,GG,GG,GG,CT,M,H
TT,GG,CG,GG,TT,F,H
TT,GG,CC,GG,CC,M,H
TT,GG,CC,GG,CT,F,H
TT,GG,CG,GG,CT,M,H
TT,GG,CG,GG,TT,F,H
TT,GG,CC,GG,CT,F,H
TT,GG,CC,GG,TT,M,H
TT,GG,GG,GG,CT,F,H
TT,GG,CG,GG,CT,M,H
TT,GG,CC,GG,CT,F,H
TT,GG,GG,GG,TT,M,H
TT,GG,CG,GG,CT,F,H
TT,GG,CG,GG,TT,F,H
TT,GG,CC,GG,TT,M,H
TT,GG,CC,GG,CT,F,H
TT,GG,GG,GG,TT,M,H
AA,GG,CC,GG,CT,F,H
TA,GG,GG,GG,TT,F,H
TT,GG,CC,GG,CT,M,H
TT,GG,CC,GG,CT,M,H
TT,GG,GG,GG,CC,M,H
TT,GG,CG,GG,CC,M,H
TT,GG,GG,GG,TT,F,H
TT,GG,GG,GG,TT,M,H
TT,GG,CC,GG,CT,F,H
TT,GG,CC,GG,CT,F,H
TT,GG,CC,GG,TT,M,H
TT,GG,CC,GG,TT,F,H
TT,GG,CG,GG,TT,M,H
TT,GG,GG,GG,CC,M,H
TT,GG,GG,GG,CT,M,H
TT,GG,CG,GG,TT,F,H
TT,GG,CG,GG,CT,F,H
TT,GG,GG,GG,TT,F,H
TT,GG,CG,GG,TT,F,H
TT,GG,GG,GG,TT,F,H
TT,GG,CC,GG,CT,M,H
TT,GG,CC,GG,CT,M,H
TT,GG,CC,GG,CT,F,H
TT,GG,CG,GG,CT,F,H
TT,GG,CG,GG,TT,F,H
TT,GG,GG,GG,TT,F,H
TT,GG,GG,GG,TT,F,H
TT,GG,CC,GG,CT,F,H
TT,GG,CG,GG,CT,M,H
TT,GG,CG,GG,CC,F,H
TT,AA,CG,GG,CT,M,H
TT,AA,GG,GG,TT,M,H
TA,GG,CC,GG,TT,M,H
TT,GG,GG,GG,TT,M,H
TT,GA,CG,GG,CC,F,H
TT,GG,CC,GG,CT,F,H
TT,GG,CC,GG,CT,F,H
TT,GG,GG,GG,CT,F,H
TT,GG,GG,GG,CT,M,H
TT,GG,CG,GG,TT,M,H
TT,GG,GG,GG,CT,F,H
TT,GG,GG,GG,CC,M,H
TA,GG,GG,GG,CC,M,H
TT,GG,CG,GG,CT,F,H
TT,GG,GG,GG,CT,F,H
TT,GG,GG,GG,CT,F,H
TA,GG,GG,GG,TT,M,H
TT,GG,GG,GG,CT,M,H
TT,GG,CG,GG,CC,F,H
TA,GG,CG,GG,TT,F,H
TT,GG,GG,GG,CT,M,H
TA,GG,GG,GG,TT,M,H
TT,GG,GG,GG,CT,F,H
TT,GG,CC,GG,CC,F,H
TA,GG,GG,GG,CT,M,H
TT,GG,CC,GG,TT,F,H
TT,GG,CG,GG,TT,F,H
TA,GG,CC,GC,CT,F,S
TT,GG,CC,GG,CC,F,S
TT,GG,CG,GG,CC,F,S
TT,GG,CC,GG,CT,M,S
TT,GG,CG,GG,CC,F,S
TT,GG,CG,GG,CC,F,S
TT,GG,CC,GG,TT,F,S
TT,GG,CG,GG,CT,F,S
TT,GG,GG,GG,CC,F,S
TA,GG,CG,GG,CC,M,S
TT,GG,CG,GG,CT,M,S
TT,GG,CG,GG,CC,F,S
TT,GG,CG,GG,CC,M,S
TT,GG,CC,GG,CT,M,S
TT,GG,CC,GC,CC,F,S
TA,GG,CC,GG,CC,M,S
TA,GG,CC,GC,TT,M,S
TT,GG,CC,GG,TT,M,S
TT,GG,CG,GG,TT,F,S
TT,GG,GG,GG,TT,F,S
TT,GG,CC,GG,CC,F,S
TT,GG,CG,GG,TT,F,S
TT,GG,CC,GG,TT,F,S
TA,GG,CG,GG,CT,F,S
TT,GG,CC,GG,CT,F,S
TT,GG,CC,GG,CC,F,S
TA,GG,CG,GC,CT,F,S
TT,GG,GG,GG,CT,F,S
TT,GG,CC,GG,CT,F,S
TT,GG,CC,GG,CT,F,S
AA,GG,CC,GG,CT,F,S
TT,GG,GG,GG,TT,F,S
TT,GG,CG,GG,CC,M,S
TT,GG,CC,GG,CC,F,S
TT,AA,CC,GG,CT,M,S
TA,AA,GG,GG,CC,M,S
TT,AA,CC,GG,CT,F,S
TT,GG,CG,GG,CC,M,S
TA,GG,CC,GG,CT,F,S
TT,GG,CG,GG,CT,F,S
TT,GG,CC,GG,CT,F,S
TT,GG,CC,GG,CT,F,S
TA,GG,CG,GC,CT,F,S
TT,GG,CG,GG,CT,F,S
TT,GG,CG,GG,CT,M,S
TT,GG,CC,GG,CC,F,S
TT,GG,CC,GG,CT,F,S
TT,GG,CG,GG,TT,F,S
TT,GG,CG,GG,TT,F,S
TA,GG,CC,GG,TT,M,S
TT,GG,CC,GG,TT,M,S
TT,GG,CC,GG,CT,F,S
TT,GG,CC,GG,CT,F,S
TA,GG,CC,GC,CT,F,S
TT,GG,CG,GG,TT,F,S
TT,GG,CG,GG,CC,M,S
TT,GG,CC,GG,CT,F,S
TT,GG,CC,GG,TT,M,S
TT,GG,CG,GG,CC,M,S
TT,GG,CC,GG,CT,F,S
TT,GG,CG,GG,CT,F,S
TT,GG,GG,GG,CT,M,S
TT,GG,CG,GG,CT,M,S
TT,GG,CC,GG,TT,M,S
TA,GG,CC,GG,TT,M,S
TT,GG,CC,GG,CT,F,S
TT,GG,CG,GG,CT,M,S
TT,GG,CC,GG,CT,M,S
TA,GG,CC,GG,TT,F,S
TT,GG,CC,GG,CT,M,S
TT,GG,CC,GG,CT,M,S
TT,GG,CG,GG,TT,M,S
TT,GG,CG,GG,CT,F,S
TT,GG,CG,GG,TT,F,S
TT,GG,CC,GG,TT,F,S
TT,GG,CG,GG,CT,F,S
TT,GG,CC,GG,TT,M,S
TT,GG,CC,GG,CT,F,S
TT,GG,CG,GG,CT,M,S
TT,GG,CG,GG,CT,F,S
TT,GG,CG,GG,CT,F,S
TT,AA,GG,GG,CT,F,S
TT,GG,CG,GG,CT,F,S
TT,GG,CC,GG,TT,F,S
TA,GG,GG,GC,TT,F,S
TT,GG,CG,GG,CT,M,S
TT,GG,CC,GG,CT,F,S
TT,GG,CC,GG,CC,F,S
TT,GG,CC,GG,CT,M,S
TT,GG,GG,GG,CT,F,S
TA,GG,CC,GC,CT,M,S
TT,GG,CC,GG,CT,F,S
TT,GG,CC,GG,TT,M,S
TT,GG,CC,GG,CT,M,S
TT,GG,CG,GG,CC,F,S
TT,GG,CC,GG,TT,F,S
TT,GG,CC,GG,CT,F,S
TA,GG,CC,GG,TT,F,S
TT,GG,CG,GG,CT,M,S
TT,GG,CG,GG,TT,F,S
TT,GG,CC,GG,CC,M,S
TT,GG,CC,GG,CC,F,S
TT,GG,CG,GG,TT,M,S
TT,GG,CC,GG,CC,M,S
AA,GG,CC,GG,TT,F,S
TT,GG,CC,GG,CT,F,S
TT,GG,CC,GG,CT,F,S
TT,GG,CC,GG,CT,F,S
TT,GG,CG,GG,CT,F,S
TA,GG,CG,GG,CT,M,S
TT,GG,CC,GG,TT,F,S
TT,GG,CG,GG,CT,F,S
TT,GG,CC,GG,CC,M,S
TT,GG,CC,GG,CC,M,S
TA,GG,CC,GC,CT,F,S
TA,GG,CG,GG,CC,F,S
TT,GG,CC,GG,TT,F,S
TT,GG,CC,GG,TT,F,S
TT,GG,CC,GG,CC,F,S
TT,GG,GG,GG,CT,F,S
